{"mean":{"confidence_interval":{"confidence_level":0.95,"lower_bound":0.002374247834740601,"upper_bound":0.006813917575724598},"point_estimate":0.004186394799801985,"standard_error":0.0011120535325592578},"median":{"confidence_interval":{"confidence_level":0.95,"lower_bound":0.00017746971785448373,"upper_bound":0.0010762131872128489},"point_estimate":0.0005651575301244272,"standard_error":0.00023319918071581478}}