{"mean":{"confidence_interval":{"confidence_level":0.95,"lower_bound":0.016561113695711876,"upper_bound":0.01963389648799016},"point_estimate":0.018054415528816925,"standard_error":0.0007835947731850771},"median":{"confidence_interval":{"confidence_level":0.95,"lower_bound":0.01730196659784027,"upper_bound":0.01835594885558245},"point_estimate":0.01792511245169126,"standard_error":0.0002637928394091699}}