{"mean":{"confidence_interval":{"confidence_level":0.95,"lower_bound":127417042.0395,"upper_bound":128708668.30075},"point_estimate":128051147.33,"standard_error":331587.8723679556},"median":{"confidence_interval":{"confidence_level":0.95,"lower_bound":126593962.0,"upper_bound":128148470.0},"point_estimate":127432674.5,"standard_error":465681.32976705034},"median_abs_dev":{"confidence_interval":{"confidence_level":0.95,"lower_bound":1974041.093453765,"upper_bound":4102117.504212837},"point_estimate":2735274.636939168,"standard_error":524029.4874854515},"slope":null,"std_dev":{"confidence_interval":{"confidence_level":0.95,"lower_bound":2864324.128263802,"upper_bound":3728326.4562190226},"point_estimate":3336374.996844202,"standard_error":220236.64125002557}}