{"mean":{"confidence_interval":{"confidence_level":0.95,"lower_bound":4318206.4216875,"upper_bound":4320627.305854167},"point_estimate":4319291.340833332,"standard_error":622.2842811862174},"median":{"confidence_interval":{"confidence_level":0.95,"lower_bound":4317815.583333333,"upper_bound":4319436.083333333},"point_estimate":4318473.875,"standard_error":352.171177558258},"median_abs_dev":{"confidence_interval":{"confidence_level":0.95,"lower_bound":2540.002629906169,"upper_bound":4089.0725024049116},"point_estimate":3286.9241416454315,"standard_error":383.23649867440116},"slope":null,"std_dev":{"confidence_interval":{"confidence_level":0.95,"lower_bound":3477.22587894992,"upper_bound":9207.311880587311},"point_estimate":6236.503536932747,"standard_error":1683.783806132251}}