{"mean":{"confidence_interval":{"confidence_level":0.95,"lower_bound":63800242.23,"upper_bound":64053385.507},"point_estimate":63919527.6,"standard_error":64900.879366775756},"median":{"confidence_interval":{"confidence_level":0.95,"lower_bound":63683710.0,"upper_bound":63829259.0},"point_estimate":63748430.0,"standard_error":37824.57285938718},"median_abs_dev":{"confidence_interval":{"confidence_level":0.95,"lower_bound":330706.73008628195,"upper_bound":591667.1018958092},"point_estimate":428526.2485921383,"standard_error":65855.9077363241},"slope":null,"std_dev":{"confidence_interval":{"confidence_level":0.95,"lower_bound":441441.44112300634,"upper_bound":872685.4568330692},"point_estimate":651981.0683111756,"standard_error":115149.37520878117}}