{"mean":{"confidence_interval":{"confidence_level":0.95,"lower_bound":13.707013065439313,"upper_bound":13.807599313374231},"point_estimate":13.744640110043715,"standard_error":0.027042260802943044},"median":{"confidence_interval":{"confidence_level":0.95,"lower_bound":13.698550775085863,"upper_bound":13.708080985019299},"point_estimate":13.7017532400705,"standard_error":0.002078558965893191},"median_abs_dev":{"confidence_interval":{"confidence_level":0.95,"lower_bound":0.015347294956144675,"upper_bound":0.02383685978628897},"point_estimate":0.019030306408513553,"standard_error":0.0021553951049473378},"slope":{"confidence_interval":{"confidence_level":0.95,"lower_bound":13.70752212292404,"upper_bound":13.73759340545839},"point_estimate":13.720462153446109,"standard_error":0.007742574565219301},"std_dev":{"confidence_interval":{"confidence_level":0.95,"lower_bound":0.04482366476866549,"upper_bound":0.4530867959593722},"point_estimate":0.27127140310372017,"standard_error":0.1298315397645907}}