{"mean":{"confidence_interval":{"confidence_level":0.95,"lower_bound":3520809.3063666644,"upper_bound":3523603.573949999},"point_estimate":3522029.7999999993,"standard_error":719.9420044042689},"median":{"confidence_interval":{"confidence_level":0.95,"lower_bound":3519965.4,"upper_bound":3521226.3},"point_estimate":3520622.166666667,"standard_error":367.58831755399865},"median_abs_dev":{"confidence_interval":{"confidence_level":0.95,"lower_bound":2000.6698244806882,"upper_bound":3434.343999027884},"point_estimate":2836.016069650351,"standard_error":380.45344109369245},"slope":null,"std_dev":{"confidence_interval":{"confidence_level":0.95,"lower_bound":2812.1650153679225,"upper_bound":10772.432545960668},"point_estimate":7257.055398090468,"standard_error":2115.66467588489}}