{"mean":{"confidence_interval":{"confidence_level":0.95,"lower_bound":-0.015500480149242934,"upper_bound":-0.005243045986705193},"point_estimate":-0.009828858070575097,"standard_error":0.0026210468000534316},"median":{"confidence_interval":{"confidence_level":0.95,"lower_bound":-0.00513663954790522,"upper_bound":0.0015525331053809488},"point_estimate":-0.0011887668607257762,"standard_error":0.001957589073332738}}