{"mean":{"confidence_interval":{"confidence_level":0.95,"lower_bound":31165.050578365295,"upper_bound":31269.294953863086},"point_estimate":31211.002789208516,"standard_error":26.773168313596553},"median":{"confidence_interval":{"confidence_level":0.95,"lower_bound":31115.620982142857,"upper_bound":31143.52462121212},"point_estimate":31129.887305964054,"standard_error":6.670236382028188},"median_abs_dev":{"confidence_interval":{"confidence_level":0.95,"lower_bound":37.188597301728734,"upper_bound":76.54175004242619},"point_estimate":55.152992934054794,"standard_error":9.70401920587912},"slope":{"confidence_interval":{"confidence_level":0.95,"lower_bound":31150.131164944745,"upper_bound":31281.245908493285},"point_estimate":31206.804054418502,"standard_error":34.03992173655043},"std_dev":{"confidence_interval":{"confidence_level":0.95,"lower_bound":133.08346917396895,"upper_bound":400.71336071410684},"point_estimate":269.16639828923115,"standard_error":74.67652521749241}}