{"mean":{"confidence_interval":{"confidence_level":0.95,"lower_bound":23378392.041499995,"upper_bound":23419437.13341666},"point_estimate":23399089.49333334,"standard_error":10467.787013972425},"median":{"confidence_interval":{"confidence_level":0.95,"lower_bound":23391280.0,"upper_bound":23436707.833333336},"point_estimate":23410499.5,"standard_error":13402.941323938903},"median_abs_dev":{"confidence_interval":{"confidence_level":0.95,"lower_bound":61978.11509966758,"upper_bound":113301.84671848817},"point_estimate":75973.11755120663,"standard_error":13224.97288220444},"slope":null,"std_dev":{"confidence_interval":{"confidence_level":0.95,"lower_bound":89062.75663214186,"upper_bound":119391.78801628923},"point_estimate":105243.07991674554,"standard_error":7736.913205486337}}