{"mean":{"confidence_interval":{"confidence_level":0.95,"lower_bound":2620333.9319875007,"upper_bound":2626783.353275001},"point_estimate":2623187.2420000006,"standard_error":1665.1437787940688},"median":{"confidence_interval":{"confidence_level":0.95,"lower_bound":2617240.2,"upper_bound":2620335.15},"point_estimate":2618621.525,"standard_error":771.0558827392683},"median_abs_dev":{"confidence_interval":{"confidence_level":0.95,"lower_bound":4131.079501658678,"upper_bound":7388.099601835277},"point_estimate":6080.698467046022,"standard_error":877.6444028938768},"slope":null,"std_dev":{"confidence_interval":{"confidence_level":0.95,"lower_bound":8480.978546130369,"upper_bound":24870.743954768095},"point_estimate":16676.773609733053,"standard_error":4733.112113474357}}