{"mean":{"confidence_interval":{"confidence_level":0.95,"lower_bound":41305922.79225,"upper_bound":41392656.1255},"point_estimate":41347839.965,"standard_error":22168.977740517774},"median":{"confidence_interval":{"confidence_level":0.95,"lower_bound":41240339.5,"upper_bound":41328486.0},"point_estimate":41298806.75,"standard_error":25999.59732290056},"median_abs_dev":{"confidence_interval":{"confidence_level":0.95,"lower_bound":111110.11917740107,"upper_bound":203805.2347317338},"point_estimate":165048.2181698084,"standard_error":24883.3697844288},"slope":null,"std_dev":{"confidence_interval":{"confidence_level":0.95,"lower_bound":176639.29908217836,"upper_bound":261131.4284986256},"point_estimate":221825.8439044593,"standard_error":21541.474592624974}}