{"mean":{"confidence_interval":{"confidence_level":0.95,"lower_bound":3207366.090046875,"upper_bound":3208859.4784999997},"point_estimate":3208087.5725,"standard_error":380.56562663468236},"median":{"confidence_interval":{"confidence_level":0.95,"lower_bound":3206656.78125,"upper_bound":3208322.6875},"point_estimate":3207383.4375,"standard_error":433.7650927781986},"median_abs_dev":{"confidence_interval":{"confidence_level":0.95,"lower_bound":2395.9742199629545,"upper_bound":3681.0177471488714},"point_estimate":3260.654323361814,"standard_error":325.619445646236},"slope":null,"std_dev":{"confidence_interval":{"confidence_level":0.95,"lower_bound":2985.717338178977,"upper_bound":4575.763966377161},"point_estimate":3823.859831880191,"standard_error":407.0106849343621}}