{"mean":{"confidence_interval":{"confidence_level":0.95,"lower_bound":2178873.307869565,"upper_bound":2180824.5927934777},"point_estimate":2179670.233043479,"standard_error":508.61477117053187},"median":{"confidence_interval":{"confidence_level":0.95,"lower_bound":2178422.0,"upper_bound":2179206.9565217393},"point_estimate":2178662.0434782607,"standard_error":201.4926674529001},"median_abs_dev":{"confidence_interval":{"confidence_level":0.95,"lower_bound":1262.2082645477856,"upper_bound":2128.9168709000924},"point_estimate":1718.1722173225376,"standard_error":211.06622934347638},"slope":null,"std_dev":{"confidence_interval":{"confidence_level":0.95,"lower_bound":1724.245783990565,"upper_bound":8262.451930491123},"point_estimate":5131.3069595565275,"standard_error":2028.0565764669643}}