{"mean":{"confidence_interval":{"confidence_level":0.95,"lower_bound":-0.009279682137250195,"upper_bound":-0.0009371052674678668},"point_estimate":-0.004479335046326249,"standard_error":0.0021500024616723907},"median":{"confidence_interval":{"confidence_level":0.95,"lower_bound":-0.0038138781304719095,"upper_bound":-0.002466110961133445},"point_estimate":-0.0031817624554685286,"standard_error":0.0003444419369289398}}