{"mean":{"confidence_interval":{"confidence_level":0.95,"lower_bound":2270372.1557717384,"upper_bound":2275641.380108694},"point_estimate":2272926.5717391307,"standard_error":1346.377426654181},"median":{"confidence_interval":{"confidence_level":0.95,"lower_bound":2265106.7391304346,"upper_bound":2266050.6739130435},"point_estimate":2265440.195652174,"standard_error":235.45465215223285},"median_abs_dev":{"confidence_interval":{"confidence_level":0.95,"lower_bound":1255.8500056387263,"upper_bound":3185.7850390933936},"point_estimate":2064.6493850842617,"standard_error":451.7909386303395},"slope":null,"std_dev":{"confidence_interval":{"confidence_level":0.95,"lower_bound":11584.882168117027,"upper_bound":14906.617326249074},"point_estimate":13520.737600507644,"standard_error":853.5759848409169}}