{"mean":{"confidence_interval":{"confidence_level":0.95,"lower_bound":0.005704411325828274,"upper_bound":0.007856381489647813},"point_estimate":0.006684457986091852,"standard_error":0.0005479288385731189},"median":{"confidence_interval":{"confidence_level":0.95,"lower_bound":0.0052793680209199945,"upper_bound":0.006176714398444361},"point_estimate":0.005702579757423498,"standard_error":0.0002221925523294038}}