{"mean":{"confidence_interval":{"confidence_level":0.95,"lower_bound":2276029.950772727,"upper_bound":2283749.3564772727},"point_estimate":2279762.0718181822,"standard_error":1969.8271944784713},"median":{"confidence_interval":{"confidence_level":0.95,"lower_bound":2268618.2272727275,"upper_bound":2272798.7272727275},"point_estimate":2269988.0454545454,"standard_error":1265.6790211721034},"median_abs_dev":{"confidence_interval":{"confidence_level":0.95,"lower_bound":6147.196445411279,"upper_bound":15805.627669394016},"point_estimate":10184.114001014235,"standard_error":2541.3956733131163},"slope":null,"std_dev":{"confidence_interval":{"confidence_level":0.95,"lower_bound":16035.878893369774,"upper_bound":23248.623049385},"point_estimate":19851.56971557014,"standard_error":1846.4053541181124}}