{"mean":{"confidence_interval":{"confidence_level":0.95,"lower_bound":3120578.998359375,"upper_bound":3123719.503546875},"point_estimate":3121987.264375,"standard_error":805.5768651519169},"median":{"confidence_interval":{"confidence_level":0.95,"lower_bound":3120893.25,"upper_bound":3121936.1875},"point_estimate":3121487.53125,"standard_error":243.961035549532},"median_abs_dev":{"confidence_interval":{"confidence_level":0.95,"lower_bound":2992.072071880102,"upper_bound":6330.331237614155},"point_estimate":4402.20997184515,"standard_error":821.916128043563},"slope":null,"std_dev":{"confidence_interval":{"confidence_level":0.95,"lower_bound":4672.376843020705,"upper_bound":11907.991436104716},"point_estimate":8082.857995297682,"standard_error":2204.438305055485}}