{"mean":{"confidence_interval":{"confidence_level":0.95,"lower_bound":-0.003038968329296472,"upper_bound":0.00363155148249588},"point_estimate":0.0002233726695928251,"standard_error":0.0016889057107582091},"median":{"confidence_interval":{"confidence_level":0.95,"lower_bound":-0.004281124810654738,"upper_bound":-0.0009260695759955029},"point_estimate":-0.0029027487384216677,"standard_error":0.0009284325645934008}}