{"mean":{"confidence_interval":{"confidence_level":0.95,"lower_bound":2733451.5916842115,"upper_bound":2739961.9563157912},"point_estimate":2736580.2347368407,"standard_error":1658.864352011398},"median":{"confidence_interval":{"confidence_level":0.95,"lower_bound":2726352.342105263,"upper_bound":2732256.5},"point_estimate":2728734.736842105,"standard_error":1497.753628490951},"median_abs_dev":{"confidence_interval":{"confidence_level":0.95,"lower_bound":5016.115605156316,"upper_bound":12742.829726401293},"point_estimate":8104.788819269257,"standard_error":1900.0883625063943},"slope":null,"std_dev":{"confidence_interval":{"confidence_level":0.95,"lower_bound":13702.698373173323,"upper_bound":19395.10707827446},"point_estimate":16726.540893782552,"standard_error":1450.6175399353983}}