{"mean":{"confidence_interval":{"confidence_level":0.95,"lower_bound":92327580.4735,"upper_bound":93025336.88925},"point_estimate":92666118.67,"standard_error":178672.64445378413},"median":{"confidence_interval":{"confidence_level":0.95,"lower_bound":91674902.0,"upper_bound":92039738.0},"point_estimate":91778004.0,"standard_error":108855.35870353565},"median_abs_dev":{"confidence_interval":{"confidence_level":0.95,"lower_bound":580868.5849875212,"upper_bound":1148264.6357542272},"point_estimate":787705.3660154343,"standard_error":154708.83258481973},"slope":null,"std_dev":{"confidence_interval":{"confidence_level":0.95,"lower_bound":1497479.6541417874,"upper_bound":2027373.2342440735},"point_estimate":1794778.6881152415,"standard_error":135463.68817011517}}