{"mean":{"confidence_interval":{"confidence_level":0.95,"lower_bound":0.007178069310754232,"upper_bound":0.011509431033973044},"point_estimate":0.009182890748602013,"standard_error":0.0011674060709070976},"median":{"confidence_interval":{"confidence_level":0.95,"lower_bound":0.005760920164217476,"upper_bound":0.006667740489332941},"point_estimate":0.006053498676368729,"standard_error":0.00024079241962748744}}