{"mean":{"confidence_interval":{"confidence_level":0.95,"lower_bound":2626331.124723685,"upper_bound":2632154.425947367},"point_estimate":2628989.7526315786,"standard_error":1489.5633185802426},"median":{"confidence_interval":{"confidence_level":0.95,"lower_bound":2623110.9473684207,"upper_bound":2627753.6842105263},"point_estimate":2624862.578947368,"standard_error":955.102309589727},"median_abs_dev":{"confidence_interval":{"confidence_level":0.95,"lower_bound":5719.324477408789,"upper_bound":10073.798631680947},"point_estimate":7225.37294014515,"standard_error":1121.453436516078},"slope":null,"std_dev":{"confidence_interval":{"confidence_level":0.95,"lower_bound":8503.312953948078,"upper_bound":20323.139977333525},"point_estimate":14914.0350320649,"standard_error":2990.1716527388403}}