{"mean":{"confidence_interval":{"confidence_level":0.95,"lower_bound":257953167.3475,"upper_bound":258878450.584},"point_estimate":258414293.01,"standard_error":235440.90942892947},"median":{"confidence_interval":{"confidence_level":0.95,"lower_bound":257034109.5,"upper_bound":259625411.0},"point_estimate":259224640.5,"standard_error":754367.860193468},"median_abs_dev":{"confidence_interval":{"confidence_level":0.95,"lower_bound":2115433.6877435446,"upper_bound":3674599.571862817},"point_estimate":3383214.562135935,"standard_error":397537.2290814881},"slope":null,"std_dev":{"confidence_interval":{"confidence_level":0.95,"lower_bound":2175511.2902673567,"upper_bound":2537332.9436324984},"point_estimate":2370077.0681463764,"standard_error":92704.28759404985}}