{"mean":{"confidence_interval":{"confidence_level":0.95,"lower_bound":206538380.43600002,"upper_bound":207017931.06075},"point_estimate":206768831.82,"standard_error":121968.53250268636},"median":{"confidence_interval":{"confidence_level":0.95,"lower_bound":206135026.0,"upper_bound":206313066.0},"point_estimate":206213820.5,"standard_error":46967.88195579724},"median_abs_dev":{"confidence_interval":{"confidence_level":0.95,"lower_bound":335824.461337924,"upper_bound":651403.27873528},"point_estimate":445934.19618308544,"standard_error":81025.78226774548},"slope":null,"std_dev":{"confidence_interval":{"confidence_level":0.95,"lower_bound":978418.9488929965,"upper_bound":1472749.216750185},"point_estimate":1227954.7689155382,"standard_error":126922.91164448028}}