{"mean":{"confidence_interval":{"confidence_level":0.95,"lower_bound":0.02645290318182792,"upper_bound":0.0324987040220098},"point_estimate":0.0289154626835475,"standard_error":0.001470468530435249},"median":{"confidence_interval":{"confidence_level":0.95,"lower_bound":0.024311318205047394,"upper_bound":0.02610195877124677},"point_estimate":0.02519636774866485,"standard_error":0.00048556074841696415}}