{"mean":{"confidence_interval":{"confidence_level":0.95,"lower_bound":64255240.27375,"upper_bound":64642060.365},"point_estimate":64442070.5,"standard_error":98598.27070438063},"median":{"confidence_interval":{"confidence_level":0.95,"lower_bound":64153329.0,"upper_bound":64394542.0},"point_estimate":64318695.5,"standard_error":60104.02967908551},"median_abs_dev":{"confidence_interval":{"confidence_level":0.95,"lower_bound":499975.70652365685,"upper_bound":970214.7200502448},"point_estimate":670505.8380961418,"standard_error":112635.43345800665},"slope":null,"std_dev":{"confidence_interval":{"confidence_level":0.95,"lower_bound":751447.8457830084,"upper_bound":1227736.27019859},"point_estimate":990649.3946378677,"standard_error":123266.34631291601}}