{"mean":{"confidence_interval":{"confidence_level":0.95,"lower_bound":-0.013504557275867001,"upper_bound":-0.006404797964633929},"point_estimate":-0.009198609213172837,"standard_error":0.0018747291540666506},"median":{"confidence_interval":{"confidence_level":0.95,"lower_bound":-0.00627199261370448,"upper_bound":-0.0055545652100218446},"point_estimate":-0.005949620258471233,"standard_error":0.00019060090886787733}}