{"mean":{"confidence_interval":{"confidence_level":0.95,"lower_bound":4203175.931791668,"upper_bound":4270507.1250625},"point_estimate":4233493.795,"standard_error":17266.725906684736},"median":{"confidence_interval":{"confidence_level":0.95,"lower_bound":4153862.3333333335,"upper_bound":4178109.9166666665},"point_estimate":4160596.208333333,"standard_error":5743.630153672985},"median_abs_dev":{"confidence_interval":{"confidence_level":0.95,"lower_bound":16594.61795538641,"upper_bound":54744.44805309142},"point_estimate":29760.847021638772,"standard_error":9430.665468445219},"slope":null,"std_dev":{"confidence_interval":{"confidence_level":0.95,"lower_bound":97299.30714779104,"upper_bound":251245.86024661266},"point_estimate":173793.35340412142,"standard_error":42716.51214039057}}