{"mean":{"confidence_interval":{"confidence_level":0.95,"lower_bound":2558257.4144749986,"upper_bound":2560849.9721750002},"point_estimate":2559410.302,"standard_error":665.3764024167326},"median":{"confidence_interval":{"confidence_level":0.95,"lower_bound":2557910.7,"upper_bound":2559033.55},"point_estimate":2558566.175,"standard_error":347.1819780904767},"median_abs_dev":{"confidence_interval":{"confidence_level":0.95,"lower_bound":1982.5243451780852,"upper_bound":3605.2754209937048},"point_estimate":2873.7605939804816,"standard_error":423.6623259336997},"slope":null,"std_dev":{"confidence_interval":{"confidence_level":0.95,"lower_bound":3112.2292641836552,"upper_bound":9681.173301879107},"point_estimate":6672.597173189226,"standard_error":1709.6193390835451}}