{"mean":{"confidence_interval":{"confidence_level":0.95,"lower_bound":211253700.51225,"upper_bound":213705123.686},"point_estimate":212451124.88,"standard_error":626985.7599554039},"median":{"confidence_interval":{"confidence_level":0.95,"lower_bound":209787742.0,"upper_bound":212135174.5},"point_estimate":210255124.5,"standard_error":831567.1064553079},"median_abs_dev":{"confidence_interval":{"confidence_level":0.95,"lower_bound":3753264.102566242,"upper_bound":7059026.159477234},"point_estimate":4885622.8127628565,"standard_error":851901.4735800918},"slope":null,"std_dev":{"confidence_interval":{"confidence_level":0.95,"lower_bound":5360641.886235348,"upper_bound":7100584.534418395},"point_estimate":6333980.783626446,"standard_error":445891.12527310016}}