{"mean":{"confidence_interval":{"confidence_level":0.95,"lower_bound":68811.52308046092,"upper_bound":68912.65152228075},"point_estimate":68859.59580183947,"standard_error":25.73426752267396},"median":{"confidence_interval":{"confidence_level":0.95,"lower_bound":68773.7858974359,"upper_bound":68817.60987654321},"point_estimate":68788.58292063492,"standard_error":10.610192146841062},"median_abs_dev":{"confidence_interval":{"confidence_level":0.95,"lower_bound":50.3181951268765,"upper_bound":88.87980127414346},"point_estimate":63.343191213307655,"standard_error":9.90297174411725},"slope":{"confidence_interval":{"confidence_level":0.95,"lower_bound":68791.86243791446,"upper_bound":68858.53403749173},"point_estimate":68820.77256411014,"standard_error":17.187545620479607},"std_dev":{"confidence_interval":{"confidence_level":0.95,"lower_bound":179.50510935975893,"upper_bound":323.2212164331939},"point_estimate":258.77190722478343,"standard_error":36.69464262632882}}