{"mean":{"confidence_interval":{"confidence_level":0.95,"lower_bound":207147356.92625,"upper_bound":208072739.38275},"point_estimate":207597837.97,"standard_error":236261.88148334285},"median":{"confidence_interval":{"confidence_level":0.95,"lower_bound":206835848.0,"upper_bound":207245478.0},"point_estimate":207065564.5,"standard_error":115282.44590073613},"median_abs_dev":{"confidence_interval":{"confidence_level":0.95,"lower_bound":756087.4389767647,"upper_bound":1383583.0518364906},"point_estimate":1024713.0565077066,"standard_error":160505.07055065586},"slope":null,"std_dev":{"confidence_interval":{"confidence_level":0.95,"lower_bound":1936018.6942552256,"upper_bound":2782700.0038608056},"point_estimate":2382101.8663102505,"standard_error":215248.236955816}}