{"mean":{"confidence_interval":{"confidence_level":0.95,"lower_bound":0.022311300956477643,"upper_bound":0.028498583476887804},"point_estimate":0.025500016826024208,"standard_error":0.0015723411793910217},"median":{"confidence_interval":{"confidence_level":0.95,"lower_bound":0.0254518044316298,"upper_bound":0.030370311723086463},"point_estimate":0.02741017910176935,"standard_error":0.0011510042413890632}}