{"mean":{"confidence_interval":{"confidence_level":0.95,"lower_bound":0.002447638257460189,"upper_bound":0.006816235631183748},"point_estimate":0.004400091176060661,"standard_error":0.0011093960131149591},"median":{"confidence_interval":{"confidence_level":0.95,"lower_bound":0.0006387376908338904,"upper_bound":0.0052597236812583145},"point_estimate":0.00199343894790327,"standard_error":0.0013859190284826307}}