{"mean":{"confidence_interval":{"confidence_level":0.95,"lower_bound":5401759.5286,"upper_bound":5410729.2281},"point_estimate":5405926.919000001,"standard_error":2298.2008247272256},"median":{"confidence_interval":{"confidence_level":0.95,"lower_bound":5398209.15,"upper_bound":5401320.5},"point_estimate":5399228.6,"standard_error":838.0412985108339},"median_abs_dev":{"confidence_interval":{"confidence_level":0.95,"lower_bound":5652.632936396247,"upper_bound":10844.551637470446},"point_estimate":8851.937272846422,"standard_error":1319.485278595767},"slope":null,"std_dev":{"confidence_interval":{"confidence_level":0.95,"lower_bound":14442.540344352992,"upper_bound":29970.172764248236},"point_estimate":23084.734150698412,"standard_error":3958.1577513766997}}