{"mean":{"confidence_interval":{"confidence_level":0.95,"lower_bound":56294.51876374492,"upper_bound":56414.250395355455},"point_estimate":56350.93492348961,"standard_error":30.4873323751574},"median":{"confidence_interval":{"confidence_level":0.95,"lower_bound":56262.31642512077,"upper_bound":56319.23596792669},"point_estimate":56280.854583333334,"standard_error":17.702199440543794},"median_abs_dev":{"confidence_interval":{"confidence_level":0.95,"lower_bound":102.42916770532563,"upper_bound":174.13394086684198},"point_estimate":134.2205834440322,"standard_error":17.77042640392936},"slope":{"confidence_interval":{"confidence_level":0.95,"lower_bound":56302.778117159476,"upper_bound":56434.11670170533},"point_estimate":56362.924643613616,"standard_error":33.79084425050233},"std_dev":{"confidence_interval":{"confidence_level":0.95,"lower_bound":206.3879978258426,"upper_bound":397.15437030143266},"point_estimate":305.60613238713944,"standard_error":48.89727575707425}}