{"mean":{"confidence_interval":{"confidence_level":0.95,"lower_bound":-0.000441949581015599,"upper_bound":0.006721258690732773},"point_estimate":0.0027814732347730686,"standard_error":0.001811102795274589},"median":{"confidence_interval":{"confidence_level":0.95,"lower_bound":-0.0037689472161060163,"upper_bound":-0.0007195777859715369},"point_estimate":-0.002359426837949652,"standard_error":0.0007991161501325336}}