{"mean":{"confidence_interval":{"confidence_level":0.95,"lower_bound":-0.01694570981748584,"upper_bound":-0.00968372036281645},"point_estimate":-0.012669194777848336,"standard_error":0.0018969673679249794},"median":{"confidence_interval":{"confidence_level":0.95,"lower_bound":-0.01401290369672519,"upper_bound":-0.005963642698090644},"point_estimate":-0.011685316567637827,"standard_error":0.0020281619572586796}}