{"mean":{"confidence_interval":{"confidence_level":0.95,"lower_bound":167136740.73675,"upper_bound":169176119.219},"point_estimate":168137639.68,"standard_error":520311.5040091592},"median":{"confidence_interval":{"confidence_level":0.95,"lower_bound":166364350.0,"upper_bound":167790343.0},"point_estimate":166851753.5,"standard_error":385870.486520384},"median_abs_dev":{"confidence_interval":{"confidence_level":0.95,"lower_bound":3571675.9990900755,"upper_bound":5791292.728284001},"point_estimate":4536907.144653797,"standard_error":539287.4760692501},"slope":null,"std_dev":{"confidence_interval":{"confidence_level":0.95,"lower_bound":4481517.204711017,"upper_bound":5831729.656661001},"point_estimate":5228575.766531997,"standard_error":344109.760667962}}