{"mean":{"confidence_interval":{"confidence_level":0.95,"lower_bound":23192748.454166662,"upper_bound":23225627.555250004},"point_estimate":23208308.936666664,"standard_error":8398.72643363489},"median":{"confidence_interval":{"confidence_level":0.95,"lower_bound":23176350.333333332,"upper_bound":23223063.333333332},"point_estimate":23193664.5,"standard_error":14410.869453134332},"median_abs_dev":{"confidence_interval":{"confidence_level":0.95,"lower_bound":55487.7866148921,"upper_bound":87642.90904402825},"point_estimate":70134.39175486565,"standard_error":8112.347285989786},"slope":null,"std_dev":{"confidence_interval":{"confidence_level":0.95,"lower_bound":58379.620004756325,"upper_bound":113248.23933330395},"point_estimate":84364.91725074098,"standard_error":14787.587328959624}}