{"mean":{"confidence_interval":{"confidence_level":0.95,"lower_bound":10445839.0024,"upper_bound":10466094.2585},"point_estimate":10456036.816,"standard_error":5175.210559368946},"median":{"confidence_interval":{"confidence_level":0.95,"lower_bound":10454811.4,"upper_bound":10470688.8},"point_estimate":10462384.6,"standard_error":3786.134198151114},"median_abs_dev":{"confidence_interval":{"confidence_level":0.95,"lower_bound":20819.85491037341,"upper_bound":38728.77303242711},"point_estimate":29650.22035360447,"standard_error":4492.893385276562},"slope":null,"std_dev":{"confidence_interval":{"confidence_level":0.95,"lower_bound":41865.86760135961,"upper_bound":60816.889554471265},"point_estimate":51691.43029384635,"standard_error":4870.881285043877}}