{"mean":{"confidence_interval":{"confidence_level":0.95,"lower_bound":-0.0026035713079134437,"upper_bound":-0.0003597618854644049},"point_estimate":-0.0015298028364314487,"standard_error":0.0005755270488437748},"median":{"confidence_interval":{"confidence_level":0.95,"lower_bound":-0.0030886817880855398,"upper_bound":-0.0022518763914783912},"point_estimate":-0.002585987430865022,"standard_error":0.00021715019597090782}}