{"mean":{"confidence_interval":{"confidence_level":0.95,"lower_bound":0.0049985998149837015,"upper_bound":0.011287520859123528},"point_estimate":0.008226164922465973,"standard_error":0.0015926894032997638},"median":{"confidence_interval":{"confidence_level":0.95,"lower_bound":0.003644387568024099,"upper_bound":0.014357022787489182},"point_estimate":0.012476449611926954,"standard_error":0.0028047462140545288}}