{"mean":{"confidence_interval":{"confidence_level":0.95,"lower_bound":163367247.42824998,"upper_bound":163756076.91275},"point_estimate":163562968.34,"standard_error":99469.89499949965},"median":{"confidence_interval":{"confidence_level":0.95,"lower_bound":163573249.5,"upper_bound":164020498.5},"point_estimate":163830988.0,"standard_error":107601.00340542872},"median_abs_dev":{"confidence_interval":{"confidence_level":0.95,"lower_bound":729468.8390493393,"upper_bound":1439536.3748431206},"point_estimate":1079256.4269393682,"standard_error":180458.05167333767},"slope":null,"std_dev":{"confidence_interval":{"confidence_level":0.95,"lower_bound":903259.0273842139,"upper_bound":1078192.5796643372},"point_estimate":998052.8839878523,"standard_error":44555.39766998565}}