{"mean":{"confidence_interval":{"confidence_level":0.95,"lower_bound":1353188.4934121661,"upper_bound":1355988.5063004},"point_estimate":1354495.5207655057,"standard_error":714.6625701319645},"median":{"confidence_interval":{"confidence_level":0.95,"lower_bound":1351935.4655172413,"upper_bound":1353131.8192771084},"point_estimate":1352535.0320182396,"standard_error":263.0437563403261},"median_abs_dev":{"confidence_interval":{"confidence_level":0.95,"lower_bound":1836.9900950807769,"upper_bound":2946.375390366964},"point_estimate":2304.254837645084,"standard_error":278.24563764189946},"slope":{"confidence_interval":{"confidence_level":0.95,"lower_bound":1352609.1010339474,"upper_bound":1354702.7681217033},"point_estimate":1353564.9683670755,"standard_error":537.2671634270774},"std_dev":{"confidence_interval":{"confidence_level":0.95,"lower_bound":4914.354935467527,"upper_bound":9156.024015244211},"point_estimate":7186.021697627074,"standard_error":1084.6573249329538}}