{"mean":{"confidence_interval":{"confidence_level":0.95,"lower_bound":7695613.892678573,"upper_bound":7698890.58389286},"point_estimate":7697190.794285712,"standard_error":837.5628333135205},"median":{"confidence_interval":{"confidence_level":0.95,"lower_bound":7694691.928571429,"upper_bound":7698524.142857143},"point_estimate":7696557.428571429,"standard_error":994.3803733436356},"median_abs_dev":{"confidence_interval":{"confidence_level":0.95,"lower_bound":5462.8514030148035,"upper_bound":8779.533444132518},"point_estimate":6998.295475755024,"standard_error":839.4215188175854},"slope":null,"std_dev":{"confidence_interval":{"confidence_level":0.95,"lower_bound":6339.71870511709,"upper_bound":10568.310765035776},"point_estimate":8424.447639669144,"standard_error":1098.9557625925793}}