{"mean":{"confidence_interval":{"confidence_level":0.95,"lower_bound":23392433.35966667,"upper_bound":23477873.575500015},"point_estimate":23436673.479999997,"standard_error":21778.965177377824},"median":{"confidence_interval":{"confidence_level":0.95,"lower_bound":23487475.0,"upper_bound":23524285.5},"point_estimate":23506510.5,"standard_error":10406.199072202084},"median_abs_dev":{"confidence_interval":{"confidence_level":0.95,"lower_bound":53482.075950502425,"upper_bound":122183.53483080496},"point_estimate":74210.30618250278,"standard_error":17084.69684265833},"slope":null,"std_dev":{"confidence_interval":{"confidence_level":0.95,"lower_bound":176217.5039749144,"upper_bound":253986.59000788123},"point_estimate":217943.02247273922,"standard_error":19855.964769419897}}