{"mean":{"confidence_interval":{"confidence_level":0.95,"lower_bound":10558991.868000008,"upper_bound":10617014.359650005},"point_estimate":10589136.292000003,"standard_error":14829.642744231287},"median":{"confidence_interval":{"confidence_level":0.95,"lower_bound":10620302.8,"upper_bound":10650125.8},"point_estimate":10636910.3,"standard_error":6590.821864275879},"median_abs_dev":{"confidence_interval":{"confidence_level":0.95,"lower_bound":44423.43953132657,"upper_bound":96198.05451214203},"point_estimate":71276.88329458181,"standard_error":12677.926574651592},"slope":null,"std_dev":{"confidence_interval":{"confidence_level":0.95,"lower_bound":118028.83244381436,"upper_bound":173745.3844298053},"point_estimate":148870.53400252142,"standard_error":14223.891677370035}}