{"mean":{"confidence_interval":{"confidence_level":0.95,"lower_bound":257823323.69175,"upper_bound":259225242.55425},"point_estimate":258499247.5,"standard_error":358575.6474807619},"median":{"confidence_interval":{"confidence_level":0.95,"lower_bound":257254047.60000002,"upper_bound":259009419.0},"point_estimate":257866003.5,"standard_error":444889.3265815406},"median_abs_dev":{"confidence_interval":{"confidence_level":0.95,"lower_bound":2251692.0383244753,"upper_bound":3838174.0856587887},"point_estimate":2704201.5653908253,"standard_error":417763.7253981707},"slope":null,"std_dev":{"confidence_interval":{"confidence_level":0.95,"lower_bound":2773204.4339155727,"upper_bound":4502724.314461964},"point_estimate":3604903.6152553065,"standard_error":454371.9544485562}}