{"mean":{"confidence_interval":{"confidence_level":0.95,"lower_bound":91998623.517,"upper_bound":92309739.26},"point_estimate":92147607.01,"standard_error":79208.29654288277},"median":{"confidence_interval":{"confidence_level":0.95,"lower_bound":91793064.0,"upper_bound":92249438.0},"point_estimate":92086395.5,"standard_error":99995.75995871527},"median_abs_dev":{"confidence_interval":{"confidence_level":0.95,"lower_bound":522455.62862455845,"upper_bound":874873.3488678932},"point_estimate":720425.7205098867,"standard_error":81818.94323520182},"slope":null,"std_dev":{"confidence_interval":{"confidence_level":0.95,"lower_bound":588686.1988496532,"upper_bound":991383.3621473548},"point_estimate":797987.8061546461,"standard_error":103311.815975309}}