{"mean":{"confidence_interval":{"confidence_level":0.95,"lower_bound":-0.008672778229449982,"upper_bound":-0.00790860576611219},"point_estimate":-0.008311344541042653,"standard_error":0.00019389335101367754},"median":{"confidence_interval":{"confidence_level":0.95,"lower_bound":-0.008723190191074925,"upper_bound":-0.008226932588795921},"point_estimate":-0.008479218247680831,"standard_error":0.00012120300615482414}}