{"mean":{"confidence_interval":{"confidence_level":0.95,"lower_bound":165794645.16275,"upper_bound":166835069.13025},"point_estimate":166314810.41,"standard_error":265769.719696703},"median":{"confidence_interval":{"confidence_level":0.95,"lower_bound":165456435.0,"upper_bound":166708411.0},"point_estimate":166226000.5,"standard_error":388692.69294345606},"median_abs_dev":{"confidence_interval":{"confidence_level":0.95,"lower_bound":1299550.026628375,"upper_bound":4906978.182783723},"point_estimate":4335352.126032114,"standard_error":1267684.096069501},"slope":null,"std_dev":{"confidence_interval":{"confidence_level":0.95,"lower_bound":2388215.5608088886,"upper_bound":2897940.4282560553},"point_estimate":2664818.0563649577,"standard_error":129894.69852854147}}