{"mean":{"confidence_interval":{"confidence_level":0.95,"lower_bound":0.0013395430088982655,"upper_bound":0.0075231354969854305},"point_estimate":0.004295862995354893,"standard_error":0.001555126901580466},"median":{"confidence_interval":{"confidence_level":0.95,"lower_bound":0.004994529673957748,"upper_bound":0.006018240087852139},"point_estimate":0.005546609102239586,"standard_error":0.0002621474804107439}}