{"mean":{"confidence_interval":{"confidence_level":0.95,"lower_bound":10220274.905649997,"upper_bound":10244631.855999997},"point_estimate":10231585.781999998,"standard_error":6219.766746134947},"median":{"confidence_interval":{"confidence_level":0.95,"lower_bound":10207050.8,"upper_bound":10223082.6},"point_estimate":10215723.8,"standard_error":3978.342440130336},"median_abs_dev":{"confidence_interval":{"confidence_level":0.95,"lower_bound":21048.916606306753,"upper_bound":36098.344159127664},"point_estimate":26235.496094227667,"standard_error":3900.4324917497975},"slope":null,"std_dev":{"confidence_interval":{"confidence_level":0.95,"lower_bound":40292.296453160256,"upper_bound":82621.83265521974},"point_estimate":62588.42548918627,"standard_error":10911.107953479546}}