{"mean":{"confidence_interval":{"confidence_level":0.95,"lower_bound":33089.904420022875,"upper_bound":33170.85896190261},"point_estimate":33127.80986747106,"standard_error":20.700329574352573},"median":{"confidence_interval":{"confidence_level":0.95,"lower_bound":33030.05987654321,"upper_bound":33106.39278350516},"point_estimate":33056.6868286445,"standard_error":19.209654139107062},"median_abs_dev":{"confidence_interval":{"confidence_level":0.95,"lower_bound":71.37724589946441,"upper_bound":170.46764616109027},"point_estimate":103.12766767892136,"standard_error":24.543449664956285},"slope":{"confidence_interval":{"confidence_level":0.95,"lower_bound":33174.361800786355,"upper_bound":33284.17396986018},"point_estimate":33227.62289305945,"standard_error":28.001905702199664},"std_dev":{"confidence_interval":{"confidence_level":0.95,"lower_bound":139.16686555518763,"upper_bound":278.23188475013103},"point_estimate":208.0596332047555,"standard_error":36.48386716993821}}