{"mean":{"confidence_interval":{"confidence_level":0.95,"lower_bound":0.017927286297037,"upper_bound":0.029772414208419695},"point_estimate":0.024128847711265333,"standard_error":0.0030893551540936157},"median":{"confidence_interval":{"confidence_level":0.95,"lower_bound":0.008082969090179581,"upper_bound":0.018146406378255042},"point_estimate":0.012755440784067762,"standard_error":0.002636816014248395}}