{"mean":{"confidence_interval":{"confidence_level":0.95,"lower_bound":2670698.368144736,"upper_bound":2676302.2518684217},"point_estimate":2673357.031578948,"standard_error":1429.2141657388331},"median":{"confidence_interval":{"confidence_level":0.95,"lower_bound":2666052.5263157897,"upper_bound":2675833.736842105},"point_estimate":2667439.763157895,"standard_error":2284.4406625033935},"median_abs_dev":{"confidence_interval":{"confidence_level":0.95,"lower_bound":6214.239758096697,"upper_bound":14313.3322722036},"point_estimate":10459.157577470856,"standard_error":2166.9863121392286},"slope":null,"std_dev":{"confidence_interval":{"confidence_level":0.95,"lower_bound":10322.954133992429,"upper_bound":18160.073368588502},"point_estimate":14353.117045510704,"standard_error":2015.693794765142}}