{"mean":{"confidence_interval":{"confidence_level":0.95,"lower_bound":2640594.026657894,"upper_bound":2655795.5142105254},"point_estimate":2648491.067894736,"standard_error":3877.006707367821},"median":{"confidence_interval":{"confidence_level":0.95,"lower_bound":2657813.8421052634,"upper_bound":2666321.710526316},"point_estimate":2662633.842105263,"standard_error":1868.4804311349305},"median_abs_dev":{"confidence_interval":{"confidence_level":0.95,"lower_bound":12074.99646983654,"upper_bound":25728.376674808846},"point_estimate":15976.302237416496,"standard_error":3479.5873971786486},"slope":null,"std_dev":{"confidence_interval":{"confidence_level":0.95,"lower_bound":31505.28775324871,"upper_bound":44517.601382507775},"point_estimate":38836.532060660895,"standard_error":3313.8431675265874}}