{"mean":{"confidence_interval":{"confidence_level":0.95,"lower_bound":2573204.5156249995,"upper_bound":2577134.3868},"point_estimate":2574974.7489999994,"standard_error":1006.8527178340719},"median":{"confidence_interval":{"confidence_level":0.95,"lower_bound":2571649.6,"upper_bound":2572901.9},"point_estimate":2572118.75,"standard_error":262.4153114880845},"median_abs_dev":{"confidence_interval":{"confidence_level":0.95,"lower_bound":1495.6097884474805,"upper_bound":2597.072227142347},"point_estimate":2146.767696887393,"standard_error":277.38452244416555},"slope":null,"std_dev":{"confidence_interval":{"confidence_level":0.95,"lower_bound":5335.9344134176245,"upper_bound":14016.568031051242},"point_estimate":10099.352130828689,"standard_error":2214.989594282825}}