{"mean":{"confidence_interval":{"confidence_level":0.95,"lower_bound":41611358.31725,"upper_bound":41848504.065},"point_estimate":41716566.125,"standard_error":60748.017062591556},"median":{"confidence_interval":{"confidence_level":0.95,"lower_bound":41735025.75,"upper_bound":41847010.5},"point_estimate":41783162.5,"standard_error":26426.157787547876},"median_abs_dev":{"confidence_interval":{"confidence_level":0.95,"lower_bound":161997.7687239647,"upper_bound":365106.9227680564},"point_estimate":242260.1715490222,"standard_error":50644.56980799623},"slope":null,"std_dev":{"confidence_interval":{"confidence_level":0.95,"lower_bound":338158.0008721368,"upper_bound":917414.1284746773},"point_estimate":608014.4279445797,"standard_error":181657.50646014544}}