{"mean":{"confidence_interval":{"confidence_level":0.95,"lower_bound":3033726.419955884,"upper_bound":3034821.547147059},"point_estimate":3034243.7694117655,"standard_error":278.28500074395885},"median":{"confidence_interval":{"confidence_level":0.95,"lower_bound":3033364.794117647,"upper_bound":3034294.4117647056},"point_estimate":3033682.176470588,"standard_error":221.09563654680792},"median_abs_dev":{"confidence_interval":{"confidence_level":0.95,"lower_bound":1729.8889281117602,"upper_bound":2801.24183262047},"point_estimate":2324.673152846286,"standard_error":276.7873189923631},"slope":null,"std_dev":{"confidence_interval":{"confidence_level":0.95,"lower_bound":2022.345606639735,"upper_bound":3633.7916031234804},"point_estimate":2800.86734377717,"standard_error":424.81919855847593}}