{"mean":{"confidence_interval":{"confidence_level":0.95,"lower_bound":65034535.283,"upper_bound":65429621.080749996},"point_estimate":65229575.41,"standard_error":100922.89269472804},"median":{"confidence_interval":{"confidence_level":0.95,"lower_bound":64889414.0,"upper_bound":65319105.0},"point_estimate":65066013.5,"standard_error":110859.5598743658},"median_abs_dev":{"confidence_interval":{"confidence_level":0.95,"lower_bound":649131.1942756176,"upper_bound":1276054.5235455036},"point_estimate":967286.0291272402,"standard_error":152110.46612308885},"slope":null,"std_dev":{"confidence_interval":{"confidence_level":0.95,"lower_bound":877118.9879064449,"upper_bound":1130076.1234403546},"point_estimate":1013337.5343058964,"standard_error":64606.140472682106}}