{"mean":{"confidence_interval":{"confidence_level":0.95,"lower_bound":94219461.6565,"upper_bound":95839666.8925},"point_estimate":94937679.7,"standard_error":415326.4307561929},"median":{"confidence_interval":{"confidence_level":0.95,"lower_bound":93897033.0,"upper_bound":94853855.0},"point_estimate":94278059.0,"standard_error":243052.8314607517},"median_abs_dev":{"confidence_interval":{"confidence_level":0.95,"lower_bound":1657835.8775675297,"upper_bound":3015179.8750698566},"point_estimate":2489893.221795559,"standard_error":337019.1393241488},"slope":null,"std_dev":{"confidence_interval":{"confidence_level":0.95,"lower_bound":2322053.881387656,"upper_bound":6162714.352818916},"point_estimate":4161457.6303658253,"standard_error":1159949.5558403002}}