{"mean":{"confidence_interval":{"confidence_level":0.95,"lower_bound":3712493.8625178575,"upper_bound":3713579.343678573},"point_estimate":3713029.124285715,"standard_error":276.729005253358},"median":{"confidence_interval":{"confidence_level":0.95,"lower_bound":3712118.785714286,"upper_bound":3713609.3571428573},"point_estimate":3712792.4642857146,"standard_error":411.5054027948212},"median_abs_dev":{"confidence_interval":{"confidence_level":0.95,"lower_bound":2171.9546876904833,"upper_bound":3376.011191314055},"point_estimate":2786.1230505368226,"standard_error":321.86498308310826},"slope":null,"std_dev":{"confidence_interval":{"confidence_level":0.95,"lower_bound":2363.574605758736,"upper_bound":3164.706530369241},"point_estimate":2778.3343036329975,"standard_error":205.6379967880366}}