{"mean":{"confidence_interval":{"confidence_level":0.95,"lower_bound":0.0033989826287181895,"upper_bound":0.008534408159270424},"point_estimate":0.005804470230772463,"standard_error":0.0013739623842050155},"median":{"confidence_interval":{"confidence_level":0.95,"lower_bound":0.002211116441958228,"upper_bound":0.0051798283445481635},"point_estimate":0.00397029952362371,"standard_error":0.000768638844493606}}