{"mean":{"confidence_interval":{"confidence_level":0.95,"lower_bound":0.01366116943066505,"upper_bound":0.017305121412670783},"point_estimate":0.0155338804245031,"standard_error":0.0009325518926310121},"median":{"confidence_interval":{"confidence_level":0.95,"lower_bound":0.014189411532714738,"upper_bound":0.020980795904977922},"point_estimate":0.019821301830011517,"standard_error":0.001408804161357846}}