{"mean":{"confidence_interval":{"confidence_level":0.95,"lower_bound":0.0209460990403345,"upper_bound":0.025404747811568783},"point_estimate":0.023015937886173177,"standard_error":0.0011178851281053684},"median":{"confidence_interval":{"confidence_level":0.95,"lower_bound":0.019497631946130634,"upper_bound":0.02350078667084111},"point_estimate":0.02178510375065823,"standard_error":0.001079006461875465}}