{"mean":{"confidence_interval":{"confidence_level":0.95,"lower_bound":-0.012450641136060139,"upper_bound":-0.007915151652744716},"point_estimate":-0.010082475819056969,"standard_error":0.001149266673234532},"median":{"confidence_interval":{"confidence_level":0.95,"lower_bound":-0.01123286719360983,"upper_bound":-0.008772540661910133},"point_estimate":-0.010570928140138158,"standard_error":0.0006391784997899581}}