{"mean":{"confidence_interval":{"confidence_level":0.95,"lower_bound":2231779.386641304,"upper_bound":2246150.240173912},"point_estimate":2238554.776086956,"standard_error":3678.4495057919326},"median":{"confidence_interval":{"confidence_level":0.95,"lower_bound":2223119.8695652178,"upper_bound":2229942.5217391304},"point_estimate":2226453.652173913,"standard_error":2067.362564097104},"median_abs_dev":{"confidence_interval":{"confidence_level":0.95,"lower_bound":14230.284621275216,"upper_bound":26509.596598925888},"point_estimate":20382.236520751812,"standard_error":3390.370329812539},"slope":null,"std_dev":{"confidence_interval":{"confidence_level":0.95,"lower_bound":24745.090941453404,"upper_bound":48115.04356782303},"point_estimate":36980.77506218515,"standard_error":6019.117123707268}}