{"mean":{"confidence_interval":{"confidence_level":0.95,"lower_bound":3652343.9825178576,"upper_bound":3669864.3201249978},"point_estimate":3660286.282142857,"standard_error":4491.332366672098},"median":{"confidence_interval":{"confidence_level":0.95,"lower_bound":3636970.3928571427,"upper_bound":3665196.214285714},"point_estimate":3644883.75,"standard_error":7315.800855900975},"median_abs_dev":{"confidence_interval":{"confidence_level":0.95,"lower_bound":14078.716400053214,"upper_bound":40044.748625313216},"point_estimate":26383.23718160391,"standard_error":7575.6622627687075},"slope":null,"std_dev":{"confidence_interval":{"confidence_level":0.95,"lower_bound":26570.0958333307,"upper_bound":64619.68391504506},"point_estimate":44901.392206736884,"standard_error":10788.463411446826}}