{"mean":{"confidence_interval":{"confidence_level":0.95,"lower_bound":-0.0029306579881393812,"upper_bound":0.005584824284453276},"point_estimate":0.0011273545727288337,"standard_error":0.002126494544847982},"median":{"confidence_interval":{"confidence_level":0.95,"lower_bound":-0.004134623103903778,"upper_bound":-0.002371692713645124},"point_estimate":-0.0030322119268757497,"standard_error":0.0005318495706494457}}