{"mean":{"confidence_interval":{"confidence_level":0.95,"lower_bound":-0.010258403182751792,"upper_bound":0.0009562765970838252},"point_estimate":-0.00419746863339554,"standard_error":0.002828314639911265},"median":{"confidence_interval":{"confidence_level":0.95,"lower_bound":-0.003974710528502068,"upper_bound":-0.0027889182105430566},"point_estimate":-0.0032902479921433914,"standard_error":0.0002608865622831519}}