{"mean":{"confidence_interval":{"confidence_level":0.95,"lower_bound":2132262.534166667,"upper_bound":2132904.9108125013},"point_estimate":2132581.7225000006,"standard_error":163.66209196074198},"median":{"confidence_interval":{"confidence_level":0.95,"lower_bound":2132031.1666666665,"upper_bound":2132944.8333333335},"point_estimate":2132569.020833333,"standard_error":240.03174437693804},"median_abs_dev":{"confidence_interval":{"confidence_level":0.95,"lower_bound":1227.2530157117885,"upper_bound":1970.0356025247615},"point_estimate":1568.5598846519201,"standard_error":188.20740156042606},"slope":null,"std_dev":{"confidence_interval":{"confidence_level":0.95,"lower_bound":1394.6547305544707,"upper_bound":1858.0326383641657},"point_estimate":1638.126711813098,"standard_error":118.3911747430464}}