{"mean":{"confidence_interval":{"confidence_level":0.95,"lower_bound":3247227.3233281253,"upper_bound":3248266.5565625},"point_estimate":3247733.21125,"standard_error":265.1895026901989},"median":{"confidence_interval":{"confidence_level":0.95,"lower_bound":3246702.3125,"upper_bound":3247894.96875},"point_estimate":3247400.1875,"standard_error":300.93810793832785},"median_abs_dev":{"confidence_interval":{"confidence_level":0.95,"lower_bound":1841.852479800582,"upper_bound":2913.0309607833624},"point_estimate":2390.41447006166,"standard_error":267.9923917111586},"slope":null,"std_dev":{"confidence_interval":{"confidence_level":0.95,"lower_bound":2139.37402189076,"upper_bound":3200.76484145887},"point_estimate":2666.100957703044,"standard_error":274.0442754218932}}