{"mean":{"confidence_interval":{"confidence_level":0.95,"lower_bound":10304914.626899997,"upper_bound":10317621.992749996},"point_estimate":10310803.934000004,"standard_error":3244.179683179579},"median":{"confidence_interval":{"confidence_level":0.95,"lower_bound":10300835.6,"upper_bound":10307934.8},"point_estimate":10302873.5,"standard_error":1725.7699530843493},"median_abs_dev":{"confidence_interval":{"confidence_level":0.95,"lower_bound":12990.540969370415,"upper_bound":22533.74047994448},"point_estimate":17792.682284116745,"standard_error":2407.1035761790736},"slope":null,"std_dev":{"confidence_interval":{"confidence_level":0.95,"lower_bound":19169.657391979326,"upper_bound":43657.73549440771},"point_estimate":32744.588740743908,"standard_error":6028.28552467244}}